,Ranking,Move,Player,Age,Points,Tourn Played,Points Dropping,Next Best
0,1,0,Novak Djokovic,31.0,11070,18,0,0
1,2,0,Rafael Nadal,32.0,8725,16,0,0
2,3,0,Alexander Zverev,21.0,6040,20,0,0
3,4,0,Roger Federer,37.0,5590,17,0,0
4,5,0,Dominic Thiem,25.0,4765,24,0,0
5,6,0,Kei Nishikori,29.0,4200,23,0,0
6,7,0,Kevin Anderson,32.0,4115,18,0,0
7,8,0,Stefanos Tsitsipas,20.0,3240,28,0,0
8,9,0,Juan Martin del Potro,30.0,3225,14,0,0
9,10,0,John Isner,33.0,3085,23,0,0
10,11,0,Marin Cilic,30.0,3015,18,0,0
11,12,0,Karen Khachanov,22.0,2810,24,0,0
12,13,0,Borna Coric,22.0,2345,20,0,0
13,14,0,Daniil Medvedev,23.0,2295,27,0,0
14,15,0,Milos Raonic,28.0,2140,21,0,0
15,16,0,Marco Cecchinato,26.0,2021,29,0,0
16,17,0,Nikoloz Basilashvili,27.0,1930,29,0,0
17,18,0,Fabio Fognini,31.0,1885,25,0,0
18,19,0,Gael Monfils,32.0,1875,21,0,0
19,20,0,Denis Shapovalov,19.0,1820,27,0,0
20,21,0,David Goffin,28.0,1765,23,0,0
21,22,0,Kyle Edmund,24.0,1680,24,150,45
22,23,0,Roberto Bautista Agut,30.0,1680,23,0,0
23,24,0,Diego Schwartzman,26.0,1485,26,0,0
24,25,0,Alex de Minaur,20.0,1439,25,0,0
25,26,0,Richard Gasquet,32.0,1375,20,90,0
26,27,0,Gilles Simon,34.0,1340,27,45,20
27,28,0,Pablo Carreno Busta,27.0,1300,19,0,0
28,29,0,Grigor Dimitrov,27.0,1300,18,0,0
29,30,0,Frances Tiafoe,21.0,1290,24,0,0
30,31,0,Lucas Pouille,25.0,1275,21,0,0
31,32,0,Laslo Djere,23.0,1246,24,0,0
32,33,0,Felix Auger-Aliassime,18.0,1245,29,0,0
33,34,0,Guido Pella,28.0,1240,27,45,10
34,35,0,Nick Kyrgios,23.0,1215,23,0,0
35,36,0,Stan Wawrinka,34.0,1185,20,0,0
36,37,0,Marton Fucsovics,27.0,1180,28,0,0
37,38,0,Fernando Verdasco,35.0,1155,26,0,0
38,39,0,Steve Johnson,29.0,1125,24,250,0
39,40,0,John Millman,29.0,1095,25,0,0
40,41,0,Philipp Kohlschreiber,35.0,1070,25,0,0
41,42,0,Jeremy Chardy,32.0,1055,27,0,0
42,43,0,Joao Sousa,30.0,1027,28,90,0
43,44,0,Mikhail Kukushkin,31.0,1025,23,0,0
44,45,0,Jan-Lennard Struff,28.0,990,25,0,0
45,46,0,Radu Albot,29.0,987,31,20,10
46,47,0,Andreas Seppi,35.0,970,28,0,0
47,48,0,Dusan Lajovic,28.0,950,26,0,0
48,49,0,Martin Klizan,29.0,947,21,7,0
49,50,0,Pierre-Hugues Herbert,28.0,944,24,0,0
50,51,0,Matthew Ebden,31.0,941,27,10,0
51,52,0,Hubert Hurkacz,22.0,934,24,0,0
52,53,0,Damir Dzumhur,26.0,930,29,0,0
53,54,0,Matteo Berrettini,22.0,927,27,0,0
54,55,0,Cameron Norrie,23.0,925,23,0,0
55,56,0,Reilly Opelka,21.0,919,19,0,0
56,57,0,Adrian Mannarino,30.0,915,32,0,0
57,58,0,Taylor Fritz,21.0,890,25,90,10
58,59,0,Mackenzie McDonald,23.0,871,26,0,0
59,60,0,Jaume Munar,21.0,854,27,29,16
60,61,0,Leonardo Mayer,31.0,850,26,0,0
61,62,0,Robin Haase,32.0,825,30,0,0
62,63,0,Ugo Humbert,20.0,819,29,0,0
63,64,1,Yoshihito Nishioka,23.0,784,23,12,0
64,65,1,Malek Jaziri,35.0,782,29,45,20
65,66,2,Juan Ignacio Londero,25.0,782,25,105,9
66,67,0,Jordan Thompson,24.0,778,30,0,0
67,68,0,Aljaz Bedene,29.0,765,21,0,0
68,69,0,Benoit Paire,29.0,763,34,0,0
69,70,0,Pablo Andujar,33.0,757,24,250,0
70,71,0,Sam Querrey,31.0,735,22,0,0
71,72,0,Mischa Zverev,31.0,726,26,20,0
72,73,0,Christian Garin,22.0,726,21,0,0
73,74,0,Federico Delbonis,28.0,721,25,0,0
74,75,0,Taro Daniel,26.0,716,27,0,0
75,76,0,Hugo Dellien,25.0,713,25,0,0
76,77,0,Ivo Karlovic,40.0,709,24,90,0
77,78,0,Ernests Gulbis,30.0,707,17,0,0
78,79,0,Bernard Tomic,26.0,704,16,0,0
79,80,0,Marius Copil,28.0,698,24,0,0
80,81,12,Tennys Sandgren,27.0,693,25,150,0
81,82,1,Prajnesh Gunneswaran,29.0,688,23,0,0
82,83,1,Pablo Cuevas,33.0,687,24,0,0
83,84,1,Albert Ramos-Vinolas,31.0,685,31,0,0
84,85,1,Denis Kudla,26.0,683,27,32,12
85,86,1,Nicolas Jarry,23.0,675,24,0,0
86,87,0,Peter Gojowczyk,29.0,655,26,0,0
87,88,3,Feliciano Lopez,37.0,655,20,0,0
88,89,1,Miomir Kecmanovic,19.0,655,26,12,7
89,90,4,Guido Andreozzi,27.0,655,29,0,0
90,91,2,Daniel Evans,28.0,655,21,0,0
91,92,2,Andrey Rublev,21.0,654,25,0,0
92,93,3,Bradley Klahn,28.0,648,22,0,0
93,94,2,Thomas Fabbiano,29.0,648,24,0,0
94,95,1,Casper Ruud,20.0,645,27,0,0
95,96,1,Lloyd Harris,22.0,633,29,0,0
96,97,0,Tomas Berdych,33.0,605,17,0,0
97,98,0,Ricardas Berankis,28.0,601,21,0,0
98,99,21,Alexander Bublik,21.0,600,28,0,0
99,100,1,Maximilian Marterer,23.0,594,27,0,0
100,101,1,Jiri Vesely,25.0,588,24,0,0
101,102,7,Filip Krajinovic,27.0,576,21,0,0
102,103,2,Lorenzo Sonego,23.0,573,27,0,0
103,104,2,Denis Istomin,32.0,571,27,0,0
104,105,2,Pedro Sousa,30.0,568,30,0,0
105,106,2,Yannick Maden,29.0,552,27,0,0
106,107,2,Ryan Harrison,26.0,545,22,20,0
107,108,2,Paolo Lorenzi,37.0,545,35,0,0
108,109,2,Ilya Ivashka,25.0,535,21,6,0
109,110,2,Brayden Schnur,23.0,533,28,0,0
110,111,1,Thiago Monteiro,24.0,524,32,8,7
111,112,1,Marcel Granollers,32.0,520,25,0,0
112,113,3,Roberto Carballes Baena,26.0,518,33,0,0
113,114,1,Elias Ymer,22.0,509,26,0,0
114,115,2,Guillermo Garcia-Lopez,35.0,507,30,20,10
115,116,2,Jo-Wilfried Tsonga,33.0,503,17,0,0
116,117,1,Marco Trungelliti,29.0,498,21,83,0
117,118,1,Gregoire Barrere,25.0,490,27,0,0
118,119,1,Alexei Popyrin,19.0,486,24,0,0
119,120,1,Jozef Kovalik,26.0,476,14,0,0
120,121,0,Hyeon Chung,22.0,460,22,0,0
121,122,0,Michael Mmoh,21.0,453,19,0,0
122,123,0,Evgeny Donskoy,28.0,452,25,25,7
123,124,0,Sergiy Stakhovsky,33.0,452,30,0,0
124,125,0,Lukas Lacko,31.0,452,22,0,0
125,126,0,Henri Laaksonen,27.0,452,29,20,0
126,127,0,Bjorn Fratangelo,25.0,450,22,20,0
127,128,0,Matthias Bachinger,32.0,449,21,10,0
128,129,0,Corentin Moutet,19.0,445,26,0,0
129,130,8,Peter Polansky,30.0,437,31,0,0
130,131,1,Kamil Majchrzak,23.0,431,26,0,0
131,132,1,Vasek Pospisil,28.0,430,21,0,0
132,133,1,Lukas Rosol,33.0,426,28,0,0
133,134,1,Jason Jung,29.0,425,27,25,7
134,135,1,Egor Gerasimov,26.0,424,23,0,0
135,136,1,Antoine Hoang,23.0,423,25,0,0
136,137,1,Jack Sock,26.0,420,16,45,0
137,138,1,Marcos Baghdatis,33.0,420,21,0,0
138,139,0,Adrian Menendez-Maceiras,33.0,408,27,18,6
139,140,11,Pedro Martinez,21.0,407,30,12,7
140,141,1,Ramkumar Ramanathan,24.0,402,28,75,0
141,142,1,Facundo Bagnis,29.0,390,25,0,0
142,143,6,Simone Bolelli,33.0,388,21,48,0
143,144,2,Noah Rubin,23.0,388,23,6,0
144,145,2,Alex Bolt,26.0,387,20,0,0
145,146,2,Gianluigi Quinzi,23.0,384,23,0,0
146,147,2,Luca Vanni,33.0,381,23,1,0
147,148,2,Tatsuma Ito,30.0,379,26,45,7
148,149,1,Christopher Eubanks,22.0,377,25,0,0
149,150,2,Oscar Otte,25.0,376,29,0,0
150,151,5,Filippo Baldi,23.0,357,26,0,0
151,152,0,David Ferrer,37.0,355,15,0,0
152,153,0,Quentin Halys,22.0,355,30,0,0
153,154,5,Salvatore Caruso,26.0,353,24,0,0
154,155,1,Stefano Travaglia,27.0,350,24,0,0
155,156,1,Dennis Novak,25.0,344,22,0,0
156,157,0,Alessandro Giannessi,28.0,340,21,7,0
157,158,0,Rogerio Dutra Silva,35.0,338,22,0,0
158,159,2,Jason Kubler,25.0,333,15,0,0
159,160,2,James Duckworth,27.0,332,21,0,0
160,161,2,Marc Polmans,21.0,332,30,0,0
161,162,2,Yannick Hanfmann,27.0,327,14,0,0
162,163,1,Ruben Bemelmans,31.0,326,19,0,0
163,164,1,Soonwoo Kwon,21.0,325,16,10,0
164,165,12,Marcos Giron,25.0,318,21,0,0
165,166,0,Daniel Brands,31.0,317,21,0,0
166,167,52,Dustin Brown,34.0,317,23,0,0
167,168,2,Sebastian Ofner,22.0,317,26,0,0
168,169,2,Lorenzo Giustino,27.0,315,30,0,0
169,170,12,Rudolf Molleker,18.0,314,20,0,0
170,171,3,Jurgen Zopp,31.0,313,20,0,0
171,172,0,Alejandro Davidovich Fokina,19.0,310,22,0,0
172,173,2,Mitchell Krueger,25.0,308,29,6,0
173,174,5,Mirza Basic,27.0,307,26,20,0
174,175,4,Gianluca Mager,24.0,307,28,0,0
175,176,2,Arthur De Greef,27.0,304,25,0,0
176,177,30,Carlos Berlocq,36.0,299,19,8,0
177,178,3,Yosuke Watanuki,20.0,296,14,0,0
178,179,3,Roberto Quiroz,27.0,295,27,60,0
179,180,7,Andrea Arnaboldi,31.0,292,28,32,0
180,181,3,Dominik Koepfer,24.0,291,27,0,0
181,182,4,Hiroki Moriya,28.0,291,31,0,0
182,183,2,Nikola Milojevic,23.0,289,23,7,0
183,184,4,James Ward,32.0,286,24,0,0
184,185,4,Enrique Lopez Perez,27.0,280,28,0,0
185,186,1,Thanasi Kokkinakis,22.0,279,16,0,0
186,187,1,Aleksandr Nedovyesov,32.0,278,26,0,0
187,188,1,Yuichi Sugita,30.0,274,26,0,0
188,189,6,Daniel Gimeno-Traver,33.0,274,27,18,0
189,190,2,Facundo Arguello,26.0,273,19,35,0
190,191,26,Donald Young,29.0,272,20,0,0
191,192,1,Jurij Rodionov,19.0,272,19,0,0
192,193,14,Roberto Marcora,29.0,271,20,0,0
193,194,4,Constant Lestienne,26.0,270,22,0,0
194,195,1,Pedja Krstin,24.0,270,26,8,0
195,196,1,Kimmer Coppejans,25.0,269,23,3,0
196,197,5,Filip Horansky,26.0,269,25,0,0
197,198,7,Matteo Donati,24.0,265,19,15,0
198,199,6,Stefano Napolitano,23.0,265,21,0,0
199,200,4,Mikael Ymer,20.0,258,14,0,0
200,201,4,Alexey Vatutin,26.0,257,27,57,4
201,202,4,Maxime Janvier,22.0,257,31,0,0
202,203,1,Mohamed Safwat,28.0,253,31,0,0
203,204,4,Tommy Paul,21.0,253,17,0,0
204,205,4,Viktor Galovic,28.0,251,25,15,3
205,206,4,Mats Moraing,26.0,251,30,8,0
206,207,4,Go Soeda,34.0,249,25,45,5
207,208,0,Darian King,26.0,248,20,0,0
208,209,10,Jay Clarke,20.0,247,24,8,0
209,210,4,Tallon Griekspoor,22.0,244,18,0,0
210,211,0,Adam Pavlasek,24.0,237,18,0,0
211,212,3,Sergio Gutierrez-Ferrol,30.0,236,18,0,0
212,213,3,Ze Zhang,28.0,236,23,0,0
213,214,1,Federico Gaio,27.0,234,27,0,0
214,215,3,Mathias Bourgue,25.0,233,22,0,0
215,216,2,Andy Murray,31.0,230,13,0,0
216,217,2,Dudi Sela,34.0,228,14,25,0
217,218,2,Tim Smyczek,31.0,228,20,0,0
218,219,1,Zdenek Kolar,22.0,226,33,0,0
219,220,2,John-Patrick Smith,30.0,223,19,0,0
220,221,11,Joao Domingues,25.0,222,28,0,0
221,222,1,Tommy Robredo,36.0,220,20,6,0
222,223,2,Norbert Gombos,28.0,220,20,0,0
223,224,6,Santiago Giraldo,31.0,217,15,0,0
224,225,1,Yasutaka Uchiyama,26.0,217,16,0,0
225,226,1,Thomaz Bellucci,31.0,216,24,0,0
226,227,1,Jared Donaldson,22.0,215,15,0,0
227,228,1,Evgeny Karlovskiy,24.0,213,22,0,0
228,229,1,Thiemo de Bakker,30.0,212,17,0,0
229,230,1,Mikael Torpegaard,24.0,208,15,0,0
230,231,2,Blaz Kavcic,32.0,206,8,0,0
231,232,2,Yuki Bhambri,26.0,205,9,125,0
232,233,7,Enzo Couacaud,24.0,204,15,0,0
233,234,2,Pedro Cachin,23.0,203,29,0,0
234,235,0,Matteo Viola,31.0,202,24,0,0
235,236,1,Duckhee Lee,20.0,199,24,0,0
236,237,1,Nicolas Mahut,37.0,198,14,0,0
237,238,3,Kevin Krawietz,27.0,198,15,0,0
238,239,0,Uladzimir Ignatik,28.0,197,29,0,0
239,240,2,Gilles Muller,35.0,193,13,0,0
240,241,5,Daniel Elahi Galan,22.0,192,17,35,0
241,242,1,Viktor Troicki,33.0,191,20,0,0
242,243,12,Gian Marco Moroni,21.0,189,18,29,0
243,244,0,Saketh Myneni,31.0,188,16,10,0
244,245,2,Guilherme Clezar,26.0,186,25,0,0
245,246,2,Andrej Martin,29.0,185,21,0,0
246,247,2,Max Purcell,21.0,185,25,0,0
247,248,1,JC Aragone,23.0,185,32,0,0
248,249,1,Filip Peliwo,25.0,182,28,0,0
249,250,1,Steve Darcis,35.0,181,8,0,0
250,251,2,Zhe Li,32.0,181,30,0,0
251,252,0,Kaichi Uchida,24.0,181,30,0,0
252,253,1,Tobias Kamke,32.0,180,24,0,0
253,254,1,Nino Serdarusic,22.0,180,31,0,0
254,255,37,Blaz Rola,28.0,179,20,0,0
255,256,3,Bernabe Zapata Miralles,22.0,179,29,0,0
256,257,1,Daniel Masur,24.0,178,26,0,0
257,258,2,Lucas Miedler,22.0,178,26,0,0
258,259,50,Emilio Gomez,27.0,175,19,0,0
259,260,8,Thai-Son Kwiatkowski,24.0,175,21,0,0
260,261,5,Johan Tatlot,23.0,173,18,0,0
261,262,4,Mario Vilella Martinez,23.0,173,25,0,0
262,263,2,Yunseong Chung,21.0,173,26,0,0
263,264,2,Marcelo Arevalo,28.0,171,22,8,0
264,265,2,Christian Harrison,24.0,170,18,0,0
265,266,2,Sasi Kumar Mukund,22.0,170,14,0,0
266,267,2,Gleb Sakharov,30.0,169,20,0,0
267,268,11,Attila Balazs,30.0,169,13,0,0
268,269,8,Jose Hernandez-Fernandez,29.0,168,22,23,0
269,270,1,Calvin Hemery,24.0,166,20,12,0
270,271,2,Elliot Benchetrit,20.0,165,23,0,0
271,272,3,Maverick Banes,26.0,165,26,0,0
272,273,3,Scott Griekspoor,28.0,162,19,3,0
273,274,2,Cem Ilkel,23.0,161,30,0,0
274,275,1,Nicola Kuhn,19.0,159,22,7,0
275,276,1,Jeffrey John Wolf,20.0,156,14,0,0
276,277,1,Kenny De Schepper,31.0,154,22,0,0
277,278,0,Tsung-Hua Yang,28.0,154,31,0,0
278,279,0,Tristan Lamasine,26.0,153,22,0,0
279,280,13,Jan Choinski,22.0,153,24,18,0
280,281,1,Roberto Ortega-Olmedo,27.0,151,29,0,0
281,282,1,Federico Coria,27.0,150,19,0,0
282,283,1,Roberto Cid Subervi,25.0,147,23,0,0
283,284,1,Stephane Robert,38.0,143,18,0,0
284,285,1,Goncalo Oliveira,24.0,143,41,15,0
285,286,1,Danilo Petrovic,27.0,140,21,0,0
286,287,14,Carlos Taberner,21.0,139,16,0,0
287,288,2,Steven Diez,28.0,139,18,0,0
288,289,2,Laurynas Grigelis,27.0,138,26,0,0
289,290,2,Gerald Melzer,28.0,137,14,0,0
290,291,2,Jurgen Melzer,37.0,136,10,0,0
291,292,2,Akira Santillan,21.0,133,22,6,0
292,293,2,Benjamin Bonzi,22.0,131,26,0,0
293,294,2,Ernesto Escobedo,22.0,130,21,0,0
294,295,2,Collin Altamirano,23.0,129,20,0,0
295,296,2,Ulises Blanch,21.0,126,22,0,0
296,297,2,Horacio Zeballos,33.0,125,6,20,0
297,298,2,Roman Safiullin,21.0,125,27,0,0
298,299,2,Andrew Harris,25.0,124,17,0,0
299,300,2,Yibing Wu,19.0,120,16,0,0
300,301,2,Tomislav Brkic,29.0,120,25,0,0
301,302,2,Gastao Elias,28.0,113,22,7,0
302,303,1,Ante Pavic,30.0,107,21,0,0
303,304,2,Pavel Kotov,20.0,105,7,0,0
304,305,2,Martin Cuevas,27.0,104,18,0,0
305,306,1,Jelle Sels,23.0,104,27,0,0
306,307,1,Joris De Loore,25.0,102,9,0,0
307,308,1,Aldin Setkic,31.0,102,18,0,0
308,309,1,Tung-Lin Wu,20.0,101,15,10,0
309,310,0,Maxime Cressy,21.0,99,16,0,0
310,311,0,Borna Gojo,21.0,98,10,0,0
311,312,1,Sebastian Fanselow,27.0,96,13,1,0
312,313,5,Marcelo Tomas Barrios Vera,21.0,96,14,0,0
313,314,0,Michael Redlicki,25.0,95,18,0,0
314,315,1,Denis Yevseyev,25.0,95,21,0,0
315,316,3,Jannik Sinner,17.0,93,10,0,0
316,317,2,Renzo Olivo,27.0,93,18,0,0
317,318,1,Mate Valkusz,20.0,91,9,0,0
318,319,5,Evan King,27.0,91,25,0,0
319,320,9,Kevin King,28.0,89,23,0,0
320,321,1,Tak Khunn Wang,27.0,88,18,0,0
321,322,1,Matias Franco Descotte,24.0,86,9,0,0
322,323,1,Dimitar Kuzmanov,25.0,86,14,0,0
323,324,1,Vaclav Safranek,24.0,86,19,0,0
324,325,0,Luke Saville,25.0,85,14,0,0
325,326,0,Alexander Sarkissian,29.0,85,18,0,0
326,327,0,Dragos Dima,26.0,84,9,0,0
327,328,0,Roy Smith,20.0,84,13,0,0
328,329,5,Frederico Ferreira Silva,24.0,84,14,0,0
329,330,0,Alexandre Muller,22.0,83,24,0,0
330,331,1,Alex Molcan,21.0,81,7,0,0
331,332,1,Gonzalo Escobar,30.0,80,10,0,0
332,333,2,Liam Broady,25.0,80,25,0,0
333,334,2,Maximilian Neuchrist,27.0,77,11,0,0
334,335,4,Evan Song,26.0,77,18,0,0
335,336,1,Stefan Kozlov,21.0,77,18,12,0
336,337,1,Rubin Statham,31.0,76,17,0,0
337,338,1,Nicolas Kicker,26.0,75,6,20,0
338,339,1,Vincent Millot,33.0,75,13,0,0
339,340,1,Renta Tokuda,21.0,74,19,0,0
340,341,1,Di Wu,27.0,74,24,0,0
341,342,4,Victor Estrella Burgos,38.0,69,16,8,0
342,343,31,Andrea Collarini,27.0,68,22,0,0
343,344,0,Miljan Zekic,30.0,67,16,0,0
344,345,0,Juan Pablo Varillas,23.0,66,14,0,0
345,346,3,Carlos Boluda-Purkiss,26.0,65,24,0,0
346,347,0,Frank Dancevic,34.0,63,6,0,0
347,348,0,Baptiste Crepatte,24.0,63,10,0,0
348,349,0,Alejandro Gonzalez,30.0,61,13,0,0
349,350,0,Sumit Nagal,21.0,61,18,0,0
350,351,0,Sergey Betov,31.0,60,11,0,0
351,352,0,Makoto Ochi,22.0,60,13,0,0
352,353,0,Ricardo Ojeda Lara,26.0,60,18,0,0
353,354,0,Zhizhen Zhang,22.0,59,10,0,0
354,355,0,Zihao Xia,22.0,58,16,0,0
355,356,0,Yan Bai,29.0,57,12,0,0
356,357,6,Oriol Roca Batalla,25.0,56,11,0,0
357,358,1,Marc-Andrea Huesler,22.0,56,14,0,0
358,359,1,Andrea Pellegrino,22.0,56,14,7,0
359,360,1,Ryan Shane,24.0,54,10,0,0
360,361,1,Zsombor Piros,19.0,52,14,3,0
361,362,1,Ji Sung Nam,25.0,51,5,0,0
362,363,1,Franko Skugor,31.0,51,5,0,0
363,364,0,Viktor Durasovic,22.0,51,10,0,0
364,365,0,Aleksandar Vukic,23.0,51,12,0,0
365,366,1,Dayne Kelly,28.0,50,16,0,0
366,367,1,Benjamin Hassan,24.0,50,16,0,0
367,368,1,Dennis Novikov,25.0,49,15,6,0
368,369,1,David Guez,36.0,48,7,0,0
369,370,1,Brydan Klein,29.0,48,11,0,0
370,371,1,Joao Menezes,22.0,48,18,0,0
371,372,11,Janko Tipsarevic,34.0,47,4,0,0
372,373,0,Raul Brancaccio,21.0,47,27,0,0
373,374,0,Johannes Haerteis,23.0,46,9,0,0
374,375,0,Harri Heliovaara,29.0,46,12,0,0
375,376,0,Teymuraz Gabashvili,33.0,45,12,0,0
376,377,0,Yusuke Takahashi,21.0,45,19,10,0
377,378,13,Carlos Gomez-Herrera,28.0,44,11,0,0
378,379,13,Andrea Basso,25.0,44,13,23,0
379,380,1,Jan Satral,28.0,43,8,0,0
380,381,1,Aslan Karatsev,25.0,43,11,0,0
381,382,1,Antoine Escoffier,27.0,43,14,0,0
382,383,1,Jared Hiltzik,24.0,43,17,0,0
383,384,0,Thiago Seyboth Wild,19.0,42,11,0,0
384,385,0,Jeremy Jahn,29.0,42,11,0,0
385,386,0,Alen Avidzba,19.0,42,13,0,0
386,387,0,Khumoyun Sultanov,20.0,41,13,0,0
387,388,10,Ivan Gakhov,22.0,41,17,0,0
388,389,1,Sadio Doumbia,28.0,41,22,0,0
389,390,1,Martin Redlicki,23.0,40,15,0,0
390,391,1,Alexis Galarneau,20.0,39,8,0,0
391,392,0,Alessandro Bega,28.0,38,19,0,0
392,393,0,Arjun Kadhe,25.0,37,14,0,0
393,394,0,Javier Barranco Cosano,20.0,37,25,0,0
394,395,0,Illya Marchenko,31.0,36,5,0,0
395,396,0,Julian Lenz,26.0,36,9,0,0
396,397,0,Daniel Munoz de la Nava,37.0,36,13,0,0
397,398,0,Shuichi Sekiguchi,27.0,35,11,5,0
398,399,0,Sekou Bangoura,27.0,34,12,0,0
399,400,0,Tom Jomby,28.0,34,12,0,0
400,401,0,Jacob Grills,23.0,34,13,0,0
401,402,0,Blake Ellis,20.0,33,13,0,0
402,403,0,Hugo Grenier,23.0,33,14,0,0
403,404,0,Joao Souza,30.0,33,14,8,0
404,405,0,Tim Puetz,31.0,32,4,0,0
405,406,0,Youssef Hossam,20.0,32,8,0,0
406,407,0,N.Sriram Balaji,29.0,31,3,0,0
407,408,0,Emil Ruusuvuori,20.0,31,6,0,0
408,409,0,Joao Monteiro,25.0,31,14,0,0
409,410,0,Alexander Ward,28.0,30,9,0,0
410,411,0,Chien-hsun Lo,20.0,30,11,30,0
411,412,0,Andrea Vavassori,23.0,29,5,0,0
412,413,0,Harry Bourchier,23.0,29,9,0,0
413,414,0,Rigele Te,21.0,29,11,0,0
414,415,0,Gijs Brouwer,23.0,29,22,0,0
415,416,0,Andreas Haider-Maurer,32.0,28,7,0,0
416,417,0,Nam Hoang Ly,22.0,28,10,0,0
417,418,0,Bradley Mousley,23.0,28,18,0,0
418,419,0,Jordi Samper-Montana,29.0,28,18,0,0
419,420,0,Riccardo Bonadio,25.0,27,18,0,0
420,421,0,Andres Artunedo Martinavarro,25.0,26,8,0,0
421,422,0,Zizou Bergs,19.0,26,9,0,0
422,423,1,Igor Sijsling,31.0,24,9,0,0
423,424,1,Markus Eriksson,29.0,24,11,0,0
424,425,1,Corentin Denolly,21.0,24,11,0,0
425,426,2,Gregoire Jacq,26.0,24,12,0,0
426,427,0,Chun Hsin Tseng,17.0,24,13,0,0
427,428,1,Yannick Mertens,31.0,24,15,0,0
428,429,1,Lloyd Glasspool,25.0,24,18,0,0
429,430,1,Tobias Simon,27.0,24,19,0,0
430,431,1,Marvin Netuschil,27.0,23,5,0,0
431,432,1,Albano Olivetti,27.0,23,7,0,0
432,433,1,Ivan Nedelko,32.0,23,18,0,0
433,434,1,Enrico Dalla Valle,21.0,22,17,0,0
434,435,1,Bastian Malla,22.0,21,5,0,0
435,436,1,Hugo Nys,28.0,21,5,0,0
436,437,1,Liam Caruana,21.0,21,12,0,0
437,438,1,Tim Van Rijthoven,21.0,21,13,0,0
438,439,1,Lamine Ouahab,34.0,20,5,20,0
439,440,1,William Blumberg,21.0,20,5,0,0
440,441,2,Alafia Ayeni,19.0,20,11,0,0
441,442,0,Fabrizio Ornago,26.0,20,12,0,0
442,443,1,Antoine Cornut-Chauvinc,18.0,20,16,0,0
443,444,1,Harrison Adams,24.0,20,17,0,0
444,445,1,Evan Furness,20.0,20,17,0,0
445,446,1,Miliaan Niesten,30.0,19,5,0,0
446,447,1,Camilo Ugo Carabelli,19.0,19,6,0,0
447,448,1,Takanyi Garanganga,28.0,19,11,0,0
448,449,1,Edan Leshem,22.0,19,14,0,0
449,450,1,Gerard Granollers,30.0,18,5,0,0
450,451,32,Arthur Rinderknech,23.0,18,13,0,0
451,452,0,Ji Hoon Son,24.0,17,4,0,0
452,453,0,Guillermo Olaso,31.0,17,7,0,0
453,454,0,Alex Rybakov,22.0,17,7,0,0
454,455,0,Patricio Heras,30.0,17,9,0,0
455,456,0,Yannick Jankovits,32.0,17,9,0,0
456,457,0,Manuel Guinard,23.0,17,11,0,0
457,458,0,Juan Pablo Ficovich,22.0,17,12,3,0
458,459,0,Fabien Reboul,23.0,17,18,0,0
459,460,0,Edoardo Eremin,25.0,16,8,0,0
460,461T,0,Yuta Shimizu,19.0,16,11,0,0
461,461T,0,Louis Wessels,20.0,16,11,0,0
462,463,0,Karim-Mohamed Maamoun,27.0,16,12,0,0
463,464,0,Ronnie Schneider,24.0,16,16,0,0
464,465,0,Maximo Gonzalez,35.0,15,1,0,0
465,466,0,Michael Vrbensky,19.0,15,2,0,0
466,467,0,Facundo Mena,26.0,15,6,0,0
467,468,0,Altug Celikbilek,22.0,15,7,0,0
468,469,0,Orlando Luz,21.0,15,9,0,0
469,470,0,Tom Fawcett,23.0,15,11,0,0
470,471,1,Manuel Pena Lopez,21.0,14,4,0,0
471,472,1,Petros Chrysochos,22.0,14,5,0,0
472,473,1,Riccardo Bellotti,27.0,14,5,0,0
473,474T,1,Robin Kern,25.0,13,3,0,0
474,474T,2,Felipe Mantilla,25.0,13,3,0,0
475,476,0,Alexandar Lazov,28.0,13,4,0,0
476,477,1,Frederik Nielsen,35.0,13,5,0,0
477,478,1,Colin Sinclair,24.0,13,8,0,0
478,479,2,Pedro Sakamoto,25.0,13,9,0,0
479,480,0,Karue Sell,25.0,13,9,0,0
480,481,1,Francesco Forti,19.0,13,12,0,0
481,482,2,Alexandar Lazarov,21.0,12,5,0,0
482,483,2,Gonzalo Lama,25.0,12,5,0,0
483,484,2,Daniel Nguyen,28.0,12,7,0,0
484,485,2,Alejandro Gomez,27.0,12,8,0,0
485,486,2,Wishaya Trongcharoenchaikul,24.0,12,10,0,0
486,487,2,Jacopo Berrettini,20.0,12,11,0,0
487,488,2,Evan Hoyt,24.0,12,13,0,0
488,489,2,Pavel Krainik,26.0,12,15,0,0
489,490,2,Riccardo Balzerani,20.0,12,16,0,0
490,491,2,Marc Sieber,31.0,11,4,0,0
491,492,2,Ti Chen,35.0,11,5,10,0
492,493,2,Brandon Holt,21.0,11,5,0,0
493,494,2,Pietro Rondoni,25.0,11,6,0,0
494,495,2,Botic Van de Zandschulp,23.0,11,7,0,0
495,496T,2,Thomas Fancutt,24.0,11,9,5,0
496,496T,2,Jules Okala,21.0,11,9,0,0
497,498,2,Geoffrey Blancaneaux,20.0,11,12,0,0
498,499,94,Alvaro Lopez San Martin,21.0,11,12,0,0
499,500,1,Giovanni Fonio,20.0,11,13,0,0
500,501,1,Matteo Martineau,20.0,11,14,0,0
501,502,1,Alexandr Dolgopolov,30.0,10,5,0,0
502,503T,1,Kirill Kivattsev,21.0,10,2,0,0
503,503T,1,Ryan Nijboer,19.0,10,2,0,0
504,505T,1,Lucas Gerch,24.0,10,4,0,0
505,505T,2,Andrew Whittington,25.0,10,4,0,0
506,507,0,Luca Giacomini,21.0,10,5,0,0
507,508,1,Manuel Sanchez,28.0,10,6,0,0
508,509,1,Cheong-Eui Kim,29.0,10,7,0,0
509,510T,1,Ben Patael,21.0,10,8,0,0
510,510T,1,Sidharth Rawat,25.0,10,8,0,0
511,512,1,Lukas Klein,21.0,10,9,0,0
512,513,1,Lucas Gomez,23.0,10,11,0,0
513,514,1,Pol Toledo Bague,24.0,10,12,0,0
514,515,1,Sebastian Korda,18.0,10,13,0,0
515,516,74,Peter Heller,26.0,9,10,0,0
516,517T,1,Nicolas Alvarez,22.0,9,10,0,0
517,517T,0,David Perez Sanz,24.0,9,10,0,0
518,517T,1,Gonzalo Villanueva,24.0,9,10,0,0
519,520,0,Sanjar Fayziev,24.0,9,12,0,0
520,521,1,Yecong He,25.0,9,15,0,0
521,522,1,Marco Bortolotti,28.0,9,15,0,0
522,523,0,Andrej Glvac,22.0,8,2,0,0
523,524T,0,Daniel Michalski,19.0,8,3,0,0
524,524T,0,Brandon Nakashima,17.0,8,3,0,0
525,524T,0,Artem Smirnov,31.0,8,3,0,0
526,527,0,Ruan Roelofse,29.0,8,3,5,0
527,528T,0,Farrukh Dustov,32.0,8,4,0,0
528,528T,0,Tigre Hank,27.0,8,4,0,0
529,528T,0,Yen-Hsun Lu,35.0,8,4,0,0
530,531,0,Pawel Cias,25.0,8,5,0,0
531,532,0,Pavel Nejedly,26.0,8,5,0,0
532,533,0,Sem Verbeek,24.0,8,6,0,0
533,534,0,Seong-chan Hong,21.0,8,7,0,0
534,535,0,Sam Riffice,20.0,8,8,0,0
535,536,0,Alejandro Tabilo,21.0,8,8,0,0
536,537,0,Evgenii Tiurnev,21.0,8,10,0,0
537,538,0,Konstantin Kravchuk,34.0,8,11,0,0
538,539,0,Xin Gao,24.0,8,14,0,0
539,540,0,Nicolas Meister,29.0,7,3,0,0
540,541T,0,Tomas Lipovsek Puches,25.0,7,4,0,0
541,541T,0,Rayane Roumane,18.0,7,4,0,0
542,543,0,John Mcnally,20.0,7,5,0,0
543,544T,2,Jeremy Beale,24.0,7,6,0,0
544,544T,0,Artem Dubrivnyy,20.0,7,6,0,0
545,544T,0,Patrik Rikl,20.0,7,6,0,0
546,547,124,Cristian Rodriguez,28.0,7,6,0,0
547,548T,2,Benjamin Lock,26.0,7,7,0,0
548,548T,2,Christian Seraphim,,7,7,0,0
549,548T,2,Benjamin Sigouin,19.0,7,7,0,0
550,551,1,Gerardo Lopez Villasenor,23.0,7,8,0,0
551,552,1,Skander Mansouri,23.0,7,8,0,0
552,553,1,Felipe Meligeni Rodrigues Alves,21.0,7,9,0,0
553,554,1,Germain Gigounon,29.0,7,9,0,0
554,555,0,Fred Gil,34.0,7,12,0,0
555,556,2,Lucas Catarina,22.0,7,13,0,0
556,557,1,Hernan Casanova,25.0,7,16,0,0
557,558,1,Ergi Kirkin,20.0,6,2,0,0
558,559,1,Agustin Velotti,26.0,6,5,0,0
559,560,1,Marko Miladinovic,18.0,6,6,0,0
560,561,1,Jack Draper,17.0,6,6,0,0
561,562T,1,Remi Boutillier,29.0,6,6,0,0
562,562T,1,Francesco Vilardo,29.0,6,6,0,0
563,564,0,Fajing Sun,22.0,6,9,0,0
564,565,2,Nicolae Frunza,21.0,6,9,0,0
565,566,1,Alexander Ritschard,25.0,6,11,0,0
566,567,0,Jakub Paul,20.0,6,12,0,0
567,568,3,Alexander Zhurbin,27.0,6,12,0,0
568,569,2,Luis Pati√±o,25.0,6,13,0,0
569,570T,0,Aziz Dougaz,22.0,6,13,0,0
570,570T,1,Joao Pedro Sorgi,25.0,6,13,0,0
571,572T,1,Luis David Martinez,29.0,5,1,0,0
572,572T,1,Vishnu Vardhan,31.0,5,1,0,0
573,574T,1,Inigo Cervantes,29.0,5,2,0,0
574,574T,1,Facundo Diaz Acosta,18.0,5,2,0,0
575,574T,1,Marko Djokovic,27.0,5,2,0,0
576,577T,1,Austin Krajicek,28.0,5,3,5,0
577,577T,0,Emilio Nava,17.0,5,3,0,0
578,577T,0,Pablo Vivero Gonzalez,23.0,5,3,0,0
579,580,2,Vladyslav Manafov,25.0,5,5,0,0
580,581,2,Sandro Ehrat,27.0,5,5,0,0
581,582T,2,Daniel Dutra da Silva,30.0,5,6,0,0
582,582T,2,Juan Ignacio Galarza,25.0,5,6,0,0
583,582T,0,Lorenzo Musetti,17.0,5,6,0,0
584,582T,2,Manish Sureshkumar,19.0,5,6,0,0
585,586T,3,Sergey Fomin,18.0,5,7,0,0
586,586T,3,Patrick Kypson,19.0,5,7,0,0
587,588,3,Moez Echargui,26.0,5,9,0,0
588,589,3,Christopher Heyman,25.0,5,13,0,0
589,590,119,Peter Torebko,31.0,5,14,0,0
590,591,4,Alberto Romero De Avila Senise,21.0,5,16,0,0
591,592,4,Niels Lootsma,24.0,4,2,0,0
592,593,4,Patrik Niklas-Salminen,22.0,4,6,0,0
593,594T,4,Michael Look,31.0,4,8,0,0
594,594T,4,Matthew Christopher Romios,20.0,4,8,0,0
595,596,2,Danylo Kalenichenko,25.0,4,13,0,0
596,597,0,Carlos Alcaraz Garfia,15.0,3,1,0,0
597,598T,3,Oliver Crawford,19.0,3,2,0,0
598,598T,3,Masamichi Imamura,20.0,3,2,0,0
599,598T,3,N Vijay Sundar Prashanth,32.0,3,2,0,0
600,598T,3,Nik Razborsek,25.0,3,2,0,0
601,598T,3,Pol Wattanakul,23.0,3,2,0,0
602,603T,3,Jonathan Kanar,24.0,3,3,0,0
603,603T,3,Keenan Mayo,,3,3,0,0
604,603T,3,David Poljak,22.0,3,3,0,0
605,603T,3,Joao Lucas Reis Da Silva,19.0,3,3,0,0
606,603T,3,David Vega Hernandez,24.0,3,3,0,0
607,608T,2,Daniel Altmaier,20.0,3,4,0,0
608,608T,2,Liam Draxl,17.0,3,4,0,0
609,608T,2,Shinji Hazawa,19.0,3,4,0,0
610,608T,2,Govind Nanda,18.0,3,4,0,0
611,608T,2,Christopher O'Connell,24.0,3,4,0,0
612,608T,8,Michal Przysiezny,35.0,3,4,0,0
613,608T,2,Takashi Saito,24.0,3,4,0,0
614,615T,2,Peter Bothwell,23.0,3,5,0,0
615,615T,2,Alexander Erler,21.0,3,5,0,0
616,615T,2,Michael Geerts,24.0,3,5,0,0
617,615T,2,Axel Geller,20.0,3,5,0,0
618,615T,2,Niki Kaliyanda Poonacha,23.0,3,5,0,0
619,615T,9,Laurent Lokoli,24.0,3,5,0,0
620,615T,2,Yuki Mochizuki,21.0,3,5,0,0
621,615T,2,Ricardo Rodriguez - Pace,25.0,3,5,0,0
622,623T,3,Guy Orly Iradukunda,23.0,3,6,0,0
623,623T,3,Dmitry Popko,22.0,3,6,0,0
624,623T,3,Walter Trusendi,34.0,3,6,0,0
625,626T,3,Bogdan Ionut Apostol,23.0,3,7,0,0
626,626T,1,James Frawley,25.0,3,7,0,0
627,626T,3,Yu Hsiou Hsu,20.0,3,7,0,0
628,626T,3,Runhao Hua,23.0,3,7,0,0
629,626T,3,Antonio Massara,23.0,3,7,0,0
630,631,3,Lenny Hampel,22.0,3,9,0,0
631,632T,4,Trent Bryde,19.0,3,10,0,0
632,632T,4,Lorenzo Frigerio,30.0,3,10,0,0
633,634,3,Maxime Chazal,25.0,3,11,0,0
634,635,3,Marc Giner,27.0,3,12,0,0
635,636T,3,Jenson Brooksby,18.0,3,13,0,0
636,636T,3,Nick Chappell,26.0,3,13,0,0
637,638,3,Eduard Esteve Lobato,24.0,3,14,0,0
638,639,3,Evan Zhu,20.0,3,16,0,0
639,640,3,Bruno Santanna,25.0,3,18,0,0
640,641,3,Tiago Cacao,21.0,2,8,0,0
641,642,3,Deiton Baughman,22.0,1,1,0,0
642,643T,3,Nuno Borges,22.0,1,2,0,0
643,643T,3,Savriyan Danilov,18.0,1,2,0,0
644,643T,3,William Griffith,23.0,1,2,0,0
645,643T,3,Nikolas Sanchez Izquierdo,20.0,1,2,0,0
646,647T,7,Stefano Baldoni,21.0,1,3,0,0
647,647T,4,Adrian Bodmer,24.0,1,3,0,0
648,647T,2,Tomas Martin Etcheverry,19.0,1,3,0,0
649,647T,2,Peter Kobelt,28.0,1,3,0,0
650,647T,2,Genaro Alberto Olivieri,20.0,1,3,0,0
651,647T,2,Tadeas Paroulek,19.0,1,3,0,0
652,647T,2,Min-Kyu Song,28.0,1,3,0,0
653,647T,2,Matej Vocel,21.0,1,3,0,0
654,655T,4,Yaraslav Shyla,26.0,1,4,0,0
655,655T,4,Ryan James Storrie,21.0,1,4,0,0
656,655T,4,Jeroen Vanneste,25.0,1,4,0,0
657,658T,3,Linus Frost,23.0,1,5,0,0
658,658T,3,Sora Fukuda,21.0,1,5,0,0
659,658T,3,Martins Podzus,24.0,1,5,0,0
660,658T,3,Suraj R Prabodh,24.0,1,5,0,0
661,662T,3,Jie Cui,21.0,1,6,0,0
662,662T,3,Stephan Gerritsen,22.0,1,6,0,0
663,662T,3,Rio Noguchi,20.0,1,6,0,0
664,662T,3,Nicolaas Scholtz,28.0,1,6,0,0
665,666T,2,Jaimee Floyd Angele,19.0,1,7,0,0
666,666T,7,Jordan Correia,21.0,1,7,0,0
667,668T,0,Pascal Meis,25.0,1,8,0,0
668,668T,3,Johan Nikles,22.0,1,8,0,0
669,668T,3,Hong Kit Wong,20.0,1,8,0,0
670,668T,3,Michael Zhu,26.0,1,8,0,0
671,672T,4,Jack Findel-Hawkins,24.0,1,9,0,0
672,672T,4,Shintaro Imai,25.0,1,9,0,0
673,672T,4,Jose Pereira,28.0,1,9,0,0
674,672T,4,Jaume Pla Malfeito,23.0,1,9,0,0
675,676T,1,Sebastien Boltz,26.0,1,11,0,0
676,676T,2,Oscar Jose Gutierrez,25.0,1,11,0,0
677,676T,3,Alessandro Petrone,28.0,1,11,0,0
678,676T,2,Omar Salman,22.0,1,11,0,0
679,676T,2,Andrew Watson,22.0,1,11,0,0
680,681T,4,Hiroyasu Ehara,27.0,1,12,0,0
681,681T,4,Paul Oosterbaan,23.0,1,12,0,0
682,683,3,Felix Corwin,22.0,1,15,0,0
683,684,3,Jordi Arconada,22.0,1,16,0,0
684,685,3,Ryan Peniston,23.0,1,17,0,0
